product_id,product_name,category,sub_category,unit_price,unit_cost,supplier_name
1,Potato Chips,Grocery,Snacks,5.42,3.61,Meridian Logistics
2,Trail Mix,Grocery,Snacks,7.19,4.27,Prime Distributors Inc.
3,Popcorn,Grocery,Snacks,8.62,4.9,Global Sourcing Co.
4,Pretzels,Grocery,Snacks,13.19,7.66,Prime Distributors Inc.
5,Granola Bars,Grocery,Snacks,12.3,7.8,Global Sourcing Co.
6,Cola 2L,Grocery,Beverages,7.0,4.68,Unity Supply Chain Ltd.
7,Orange Juice,Grocery,Beverages,8.88,6.61,Global Sourcing Co.
8,Bottled Water 24pk,Grocery,Beverages,10.84,6.21,Meridian Logistics
9,Energy Drink,Grocery,Beverages,11.76,8.28,NorthStar Wholesale
10,Coffee Beans,Grocery,Beverages,3.45,2.2,Unity Supply Chain Ltd.
11,Whole Milk 1gal,Grocery,Dairy,2.04,1.42,Apex Vendor Group
12,Cheddar Cheese,Grocery,Dairy,5.42,3.52,Prime Distributors Inc.
13,Greek Yogurt,Grocery,Dairy,8.6,4.91,Apex Vendor Group
14,Butter,Grocery,Dairy,5.88,3.99,Meridian Logistics
15,Eggs 12ct,Grocery,Dairy,4.59,2.87,Prime Distributors Inc.
16,White Bread,Grocery,Bakery,9.01,6.36,Meridian Logistics
17,Bagels 6pk,Grocery,Bakery,13.94,9.34,Unity Supply Chain Ltd.
18,Muffins 4pk,Grocery,Bakery,2.25,1.66,NorthStar Wholesale
19,Tortillas,Grocery,Bakery,5.11,3.06,Meridian Logistics
20,Dinner Rolls,Grocery,Bakery,14.31,8.12,Unity Supply Chain Ltd.
21,Frozen Pizza,Grocery,Frozen Foods,12.61,9.4,Meridian Logistics
22,Ice Cream Tub,Grocery,Frozen Foods,11.96,6.89,Unity Supply Chain Ltd.
23,Frozen Vegetables,Grocery,Frozen Foods,14.31,8.34,Meridian Logistics
24,Frozen Waffles,Grocery,Frozen Foods,13.34,8.47,Prime Distributors Inc.
25,Frozen Chicken Nuggets,Grocery,Frozen Foods,14.08,9.87,Apex Vendor Group
26,43-inch LED TV,Electronics,TVs,176.9,108.32,Apex Vendor Group
27,55-inch 4K TV,Electronics,TVs,526.9,335.96,Meridian Logistics
28,65-inch Smart TV,Electronics,TVs,372.16,223.14,Global Sourcing Co.
29,32-inch HD TV,Electronics,TVs,283.71,189.42,Prime Distributors Inc.
30,75-inch QLED TV,Electronics,TVs,478.98,264.13,Apex Vendor Group
31,Budget Laptop 14-in,Electronics,Laptops,512.26,305.2,Global Sourcing Co.
32,Business Laptop 15-in,Electronics,Laptops,690.52,389.57,Prime Distributors Inc.
33,Gaming Laptop,Electronics,Laptops,237.21,153.49,Meridian Logistics
34,2-in-1 Convertible,Electronics,Laptops,123.2,90.81,Meridian Logistics
35,Chromebook,Electronics,Laptops,469.45,281.01,Unity Supply Chain Ltd.
36,Phone Case,Electronics,Mobile Accessories,649.85,382.17,Global Sourcing Co.
37,Screen Protector,Electronics,Mobile Accessories,534.01,331.55,Unity Supply Chain Ltd.
38,Wireless Charger,Electronics,Mobile Accessories,384.28,267.39,Apex Vendor Group
39,USB-C Cable,Electronics,Mobile Accessories,529.7,359.79,Global Sourcing Co.
40,Power Bank,Electronics,Mobile Accessories,334.04,206.39,Global Sourcing Co.
41,Bluetooth Speaker,Electronics,Audio,213.95,125.81,Unity Supply Chain Ltd.
42,Wireless Earbuds,Electronics,Audio,129.34,75.88,Unity Supply Chain Ltd.
43,Soundbar,Electronics,Audio,214.85,157.84,Unity Supply Chain Ltd.
44,Over-Ear Headphones,Electronics,Audio,650.26,468.96,Global Sourcing Co.
45,Smart Speaker,Electronics,Audio,59.46,44.59,Global Sourcing Co.
46,Wireless Controller,Electronics,Gaming,775.82,570.44,Prime Distributors Inc.
47,Gaming Headset,Electronics,Gaming,149.72,96.89,Prime Distributors Inc.
48,Console Bundle,Electronics,Gaming,694.43,507.27,Prime Distributors Inc.
49,Gaming Mouse,Electronics,Gaming,315.6,235.77,NorthStar Wholesale
50,VR Headset,Electronics,Gaming,742.68,525.09,NorthStar Wholesale
51,Men's T-Shirt,Apparel,Men's Wear,43.84,32.51,Meridian Logistics
52,Men's Jeans,Apparel,Men's Wear,62.95,40.75,Prime Distributors Inc.
53,Men's Jacket,Apparel,Men's Wear,33.74,25.09,Meridian Logistics
54,Men's Shorts,Apparel,Men's Wear,68.86,38.71,NorthStar Wholesale
55,Men's Hoodie,Apparel,Men's Wear,14.57,9.72,Meridian Logistics
56,Women's Blouse,Apparel,Women's Wear,83.55,54.83,Global Sourcing Co.
57,Women's Leggings,Apparel,Women's Wear,86.86,49.16,Prime Distributors Inc.
58,Women's Dress,Apparel,Women's Wear,15.48,8.72,Prime Distributors Inc.
59,Women's Cardigan,Apparel,Women's Wear,42.3,31.23,Meridian Logistics
60,Women's Jeans,Apparel,Women's Wear,29.7,19.87,Meridian Logistics
61,Kids T-Shirt Pack,Apparel,Kids Wear,16.56,11.29,Meridian Logistics
62,Kids Jeans,Apparel,Kids Wear,51.82,38.19,Prime Distributors Inc.
63,Kids Pajama Set,Apparel,Kids Wear,63.58,38.96,NorthStar Wholesale
64,Kids Jacket,Apparel,Kids Wear,41.66,28.51,NorthStar Wholesale
65,Kids Shoes,Apparel,Kids Wear,46.58,34.27,Global Sourcing Co.
66,Running Shoes,Apparel,Footwear,10.75,7.25,Meridian Logistics
67,Casual Sneakers,Apparel,Footwear,89.69,50.64,Prime Distributors Inc.
68,Sandals,Apparel,Footwear,50.47,29.1,NorthStar Wholesale
69,Boots,Apparel,Footwear,80.47,58.41,NorthStar Wholesale
70,Slippers,Apparel,Footwear,32.8,20.91,Meridian Logistics
71,Winter Coat,Apparel,Winter Wear,66.28,44.56,Apex Vendor Group
72,Wool Sweater,Apparel,Winter Wear,52.32,35.76,Meridian Logistics
73,Thermal Gloves,Apparel,Winter Wear,33.95,23.18,Prime Distributors Inc.
74,Beanie Hat,Apparel,Winter Wear,31.16,22.68,Apex Vendor Group
75,Scarf,Apparel,Winter Wear,54.26,32.8,Meridian Logistics
76,Bookshelf,Home & Garden,Furniture,64.5,39.9,Apex Vendor Group
77,Office Chair,Home & Garden,Furniture,164.05,98.89,Unity Supply Chain Ltd.
78,Coffee Table,Home & Garden,Furniture,74.01,54.15,Global Sourcing Co.
79,Bar Stool,Home & Garden,Furniture,36.69,23.29,NorthStar Wholesale
80,Storage Cabinet,Home & Garden,Furniture,25.36,15.64,Prime Distributors Inc.
81,Non-Stick Pan Set,Home & Garden,Kitchenware,164.72,99.23,Apex Vendor Group
82,Knife Set,Home & Garden,Kitchenware,118.83,82.13,Meridian Logistics
83,Mixing Bowls,Home & Garden,Kitchenware,17.27,9.76,Apex Vendor Group
84,Cutting Board,Home & Garden,Kitchenware,227.42,149.9,NorthStar Wholesale
85,Blender,Home & Garden,Kitchenware,151.89,88.04,Prime Distributors Inc.
86,Wall Art Set,Home & Garden,Decor,24.83,15.47,Global Sourcing Co.
87,Throw Pillow,Home & Garden,Decor,226.25,133.94,Prime Distributors Inc.
88,Table Lamp,Home & Garden,Decor,171.73,106.6,Meridian Logistics
89,Area Rug,Home & Garden,Decor,222.77,140.63,Meridian Logistics
90,Candle Set,Home & Garden,Decor,191.13,140.51,Prime Distributors Inc.
91,Garden Hose,Home & Garden,Garden Tools,218.18,162.6,Prime Distributors Inc.
92,Pruning Shears,Home & Garden,Garden Tools,222.13,123.27,Apex Vendor Group
93,Lawn Mower,Home & Garden,Garden Tools,232.25,164.08,Unity Supply Chain Ltd.
94,Shovel Set,Home & Garden,Garden Tools,203.53,147.11,Prime Distributors Inc.
95,Watering Can,Home & Garden,Garden Tools,77.7,54.97,Global Sourcing Co.
96,Queen Comforter Set,Home & Garden,Bedding,104.9,58.51,Unity Supply Chain Ltd.
97,Bed Sheets Set,Home & Garden,Bedding,67.27,47.98,Unity Supply Chain Ltd.
98,Memory Foam Pillow,Home & Garden,Bedding,97.17,69.39,Prime Distributors Inc.
99,Mattress Protector,Home & Garden,Bedding,67.39,45.96,Unity Supply Chain Ltd.
100,Blanket,Home & Garden,Bedding,92.14,66.61,NorthStar Wholesale
101,Pain Reliever,Health & Wellness,OTC Medicine,24.31,15.85,Apex Vendor Group
102,Allergy Relief,Health & Wellness,OTC Medicine,58.96,38.75,Global Sourcing Co.
103,Cold & Flu Tablets,Health & Wellness,OTC Medicine,11.34,8.44,Prime Distributors Inc.
104,Antacid,Health & Wellness,OTC Medicine,36.93,27.58,Global Sourcing Co.
105,Cough Syrup,Health & Wellness,OTC Medicine,10.96,6.98,Apex Vendor Group
106,Shampoo,Health & Wellness,Personal Care,48.25,30.75,Meridian Logistics
107,Body Wash,Health & Wellness,Personal Care,11.36,8.29,Prime Distributors Inc.
108,Toothpaste,Health & Wellness,Personal Care,19.01,13.15,Global Sourcing Co.
109,Deodorant,Health & Wellness,Personal Care,33.6,23.9,Apex Vendor Group
110,Razor Pack,Health & Wellness,Personal Care,44.57,31.13,Apex Vendor Group
111,Multivitamin,Health & Wellness,Vitamins,15.84,10.08,Apex Vendor Group
112,Vitamin C Tablets,Health & Wellness,Vitamins,55.64,37.54,Apex Vendor Group
113,Fish Oil Capsules,Health & Wellness,Vitamins,51.64,35.84,NorthStar Wholesale
114,Protein Powder,Health & Wellness,Vitamins,32.89,22.48,NorthStar Wholesale
115,Vitamin D Drops,Health & Wellness,Vitamins,27.13,16.53,Prime Distributors Inc.
116,First Aid Kit,Health & Wellness,First Aid,15.55,10.62,Unity Supply Chain Ltd.
117,Adhesive Bandages,Health & Wellness,First Aid,42.25,30.87,Meridian Logistics
118,Antiseptic Spray,Health & Wellness,First Aid,36.3,22.91,Global Sourcing Co.
119,Thermometer,Health & Wellness,First Aid,21.71,12.85,Meridian Logistics
120,Hand Sanitizer,Health & Wellness,First Aid,38.37,23.58,Unity Supply Chain Ltd.
121,Yoga Mat,Health & Wellness,Fitness,29.32,17.38,Unity Supply Chain Ltd.
122,Resistance Bands,Health & Wellness,Fitness,48.66,36.1,Apex Vendor Group
123,Dumbbell Set,Health & Wellness,Fitness,14.33,8.12,Meridian Logistics
124,Jump Rope,Health & Wellness,Fitness,41.51,27.97,Global Sourcing Co.
125,Foam Roller,Health & Wellness,Fitness,50.01,35.02,Apex Vendor Group
126,Superhero Figure,Toys,Action Figures,27.25,19.38,Prime Distributors Inc.
127,Robot Toy,Toys,Action Figures,9.51,5.7,Unity Supply Chain Ltd.
128,Collectible Figure Set,Toys,Action Figures,45.9,32.3,Unity Supply Chain Ltd.
129,Dinosaur Figure,Toys,Action Figures,33.7,22.78,Prime Distributors Inc.
130,Vehicle Toy,Toys,Action Figures,52.54,32.93,Unity Supply Chain Ltd.
131,Family Board Game,Toys,Board Games,23.13,15.76,Global Sourcing Co.
132,Strategy Card Game,Toys,Board Games,63.34,45.74,Global Sourcing Co.
133,Trivia Game,Toys,Board Games,56.26,33.41,Apex Vendor Group
134,Puzzle Game Set,Toys,Board Games,40.11,22.46,Prime Distributors Inc.
135,Chess Set,Toys,Board Games,64.88,37.26,Prime Distributors Inc.
136,Water Blaster,Toys,Outdoor Toys,57.69,39.43,Meridian Logistics
137,Bicycle,Toys,Outdoor Toys,44.92,33.24,Unity Supply Chain Ltd.
138,Scooter,Toys,Outdoor Toys,45.98,31.9,Meridian Logistics
139,Trampoline,Toys,Outdoor Toys,34.46,25.2,Unity Supply Chain Ltd.
140,Kite,Toys,Outdoor Toys,63.63,44.46,Unity Supply Chain Ltd.
141,Building Blocks Set,Toys,Educational,35.9,25.14,Apex Vendor Group
142,STEM Kit,Toys,Educational,25.19,17.77,Unity Supply Chain Ltd.
143,Flash Cards,Toys,Educational,46.86,28.35,Global Sourcing Co.
144,Learning Tablet,Toys,Educational,52.24,31.18,NorthStar Wholesale
145,Art Supplies Kit,Toys,Educational,27.82,18.31,Prime Distributors Inc.
146,500-Piece Puzzle,Toys,Puzzles,17.35,10.87,Prime Distributors Inc.
147,Wooden Puzzle,Toys,Puzzles,51.8,29.16,Unity Supply Chain Ltd.
148,3D Puzzle Model,Toys,Puzzles,28.51,18.34,Global Sourcing Co.
149,Kids Puzzle Set,Toys,Puzzles,20.82,13.2,Meridian Logistics
150,1000-Piece Puzzle,Toys,Puzzles,66.66,36.92,Meridian Logistics
